{                                                      
	"total":239,	
	"rows":[                                                          
		{"id":"001","name":"User1","salary":"3000","gender":"男","birthday":"1980-01-12","station":"总公司","phone":"(010)123445","addr":"beijing china."},         
		{"id":"002","name":"User2","salary":"5000","gender":"男","birthday":"1980-01-12","station":"分公司","phone":"(010)123445","addr":"beijing china."},         
		{"id":"003","name":"User3","salary":"5000","gender":"女","birthday":"1980-01-12","station":"总公司","phone":"(010)123445","addr":"beijing china."},         
		{"id":"004","name":"User4","salary":"5000","gender":"男","birthday":"1980-01-12","station":"厅点","phone":"(010)123445","addr":"beijing china."},         
		{"id":"005","name":"User5","salary":"5000","gender":"女","birthday":"1980-01-12","station":"总公司","phone":"(010)123445","addr":"beijing china."},         
		{"id":"006","name":"User6","salary":"3000","gender":"男","birthday":"1980-01-12","station":"营业所","phone":"(010)123445","addr":"beijing china."},          
		{"id":"007","name":"User7","salary":"3000","gender":"男","birthday":"1980-01-12","station":"总公司","phone":"(010)123445","addr":"beijing china."},          
		{"id":"008","name":"User8","salary":"5000","gender":"男","birthday":"1980-01-12","station":"基地运转中心","phone":"(010)123445","addr":"beijing china."},          
		{"id":"009","name":"User9","salary":"5000","gender":"男","birthday":"1980-01-12","station":"总公司","phone":"(010)123445","addr":"beijing china."},          
		{"id":"010","name":"User0","salary":"3000","gender":"女","birthday":"1980-01-12","station":"分公司","phone":"(010)123445","addr":"beijing china."},
		{"id":"101","name":"User1","salary":"3000","gender":"男","birthday":"1980-01-12","station":"总公司","phone":"(010)123445","addr":"beijing china."},         
		{"id":"102","name":"User2","salary":"5000","gender":"男","birthday":"1980-01-12","station":"分公司","phone":"(010)123445","addr":"beijing china."},         
		{"id":"103","name":"User3","salary":"5000","gender":"女","birthday":"1980-01-12","station":"总公司","phone":"(010)123445","addr":"beijing china."},         
		{"id":"104","name":"User4","salary":"5000","gender":"男","birthday":"1980-01-12","station":"厅点","phone":"(010)123445","addr":"beijing china."},         
		{"id":"105","name":"User5","salary":"5000","gender":"女","birthday":"1980-01-12","station":"总公司","phone":"(010)123445","addr":"beijing china."},         
		{"id":"106","name":"User6","salary":"3000","gender":"男","birthday":"1980-01-12","station":"营业所","phone":"(010)123445","addr":"beijing china."},          
		{"id":"107","name":"User7","salary":"3000","gender":"男","birthday":"1980-01-12","station":"总公司","phone":"(010)123445","addr":"beijing china."},          
		{"id":"108","name":"User8","salary":"5000","gender":"男","birthday":"1980-01-12","station":"基地运转中心","phone":"(010)123445","addr":"beijing china."},          
		{"id":"109","name":"User9","salary":"5000","gender":"男","birthday":"1980-01-12","station":"总公司","phone":"(010)123445","addr":"beijing china."},          
		{"id":"110","name":"User0","salary":"3000","gender":"女","birthday":"1980-01-12","station":"分公司","phone":"(010)123445","addr":"beijing china."},
		{"id":"201","name":"User1","salary":"3000","gender":"男","birthday":"1980-01-12","station":"总公司","phone":"(010)123445","addr":"beijing china."},         
		{"id":"202","name":"User2","salary":"5000","gender":"男","birthday":"1980-01-12","station":"分公司","phone":"(010)123445","addr":"beijing china."},         
		{"id":"203","name":"User3","salary":"5000","gender":"女","birthday":"1980-01-12","station":"总公司","phone":"(010)123445","addr":"beijing china."},         
		{"id":"204","name":"User4","salary":"5000","gender":"男","birthday":"1980-01-12","station":"厅点","phone":"(010)123445","addr":"beijing china."},         
		{"id":"205","name":"User5","salary":"5000","gender":"女","birthday":"1980-01-12","station":"总公司","phone":"(010)123445","addr":"beijing china."},         
		{"id":"206","name":"User6","salary":"3000","gender":"男","birthday":"1980-01-12","station":"营业所","phone":"(010)123445","addr":"beijing china."},          
		{"id":"207","name":"User7","salary":"3000","gender":"男","birthday":"1980-01-12","station":"总公司","phone":"(010)123445","addr":"beijing china."},          
		{"id":"208","name":"User8","salary":"5000","gender":"男","birthday":"1980-01-12","station":"基地运转中心","phone":"(010)123445","addr":"beijing china."},          
		{"id":"209","name":"User9","salary":"5000","gender":"男","birthday":"1980-01-12","station":"总公司","phone":"(010)123445","addr":"beijing china."},          
		{"id":"210","name":"User0","salary":"3000","gender":"女","birthday":"1980-01-12","station":"分公司","phone":"(010)123445","addr":"beijing china."}
	]                                                          
}                                                           
 